,match_id,league,sport,comp_names,results_value,timestamp,hero,villain,market,line,line_type,price,hero_score,villain_score
0,coppin-state-charlotte-202211071800,college-basketball,basketball,"['Coppin State', 'Charlotte']","['24', '32']",2022-11-07 18:32:24.066425,Coppin State,Charlotte,SPREAD,13.5,favorite,-130,24,32
1,coppin-state-charlotte-202211071800,college-basketball,basketball,"['Coppin State', 'Charlotte']","['24', '32']",2022-11-07 18:32:24.066425,Charlotte,Coppin State,SPREAD,13.5,favorite,EVEN,32,24
2,coppin-state-charlotte-202211071800,college-basketball,basketball,"['Coppin State', 'Charlotte']","['24', '32']",2022-11-07 18:32:24.066425,Coppin State,Charlotte,WIN,,,+650,24,32
3,coppin-state-charlotte-202211071800,college-basketball,basketball,"['Coppin State', 'Charlotte']","['24', '32']",2022-11-07 18:32:24.066425,Charlotte,Coppin State,WIN,,,-1600,32,24
4,coppin-state-charlotte-202211071800,college-basketball,basketball,"['Coppin State', 'Charlotte']","['24', '32']",2022-11-07 18:32:24.066425,Coppin State,Charlotte,TOTAL,13.5,favorite,-110,24,32
5,coppin-state-charlotte-202211071800,college-basketball,basketball,"['Coppin State', 'Charlotte']","['24', '32']",2022-11-07 18:32:24.066425,Charlotte,Coppin State,TOTAL,13.5,favorite,-120,32,24
6,fluminense-u19-asp-municipal-u19-202211071700,campeonato-carioca-u19,basketball,"['Fluminense U19', 'ASP Municipal U19']","['52', '42']",2022-11-07 18:32:24.208280,Fluminense U19,ASP Municipal U19,SPREAD,10.5,underdog,-120,52,42
7,fluminense-u19-asp-municipal-u19-202211071700,campeonato-carioca-u19,basketball,"['Fluminense U19', 'ASP Municipal U19']","['52', '42']",2022-11-07 18:32:24.208280,ASP Municipal U19,Fluminense U19,SPREAD,10.5,underdog,-120,42,52
8,fluminense-u19-asp-municipal-u19-202211071700,campeonato-carioca-u19,basketball,"['Fluminense U19', 'ASP Municipal U19']","['52', '42']",2022-11-07 18:32:24.208280,Fluminense U19,ASP Municipal U19,WIN,,,-6600,52,42
9,fluminense-u19-asp-municipal-u19-202211071700,campeonato-carioca-u19,basketball,"['Fluminense U19', 'ASP Municipal U19']","['52', '42']",2022-11-07 18:32:24.208280,ASP Municipal U19,Fluminense U19,WIN,,,+1500,42,52
10,fluminense-u19-asp-municipal-u19-202211071700,campeonato-carioca-u19,basketball,"['Fluminense U19', 'ASP Municipal U19']","['52', '42']",2022-11-07 18:32:24.208280,Fluminense U19,ASP Municipal U19,TOTAL,10.5,underdog,-115,52,42
11,fluminense-u19-asp-municipal-u19-202211071700,campeonato-carioca-u19,basketball,"['Fluminense U19', 'ASP Municipal U19']","['52', '42']",2022-11-07 18:32:24.208280,ASP Municipal U19,Fluminense U19,TOTAL,10.5,underdog,-125,42,52
12,colonias-gold-basketball-libertad-asuncion-202211071730,paraguay-championship,basketball,"['Colonias Gold Basketball', 'Libertad']","['51', '58']",2022-11-07 18:32:24.351430,Colonias Gold Basketball,Libertad,SPREAD,3.5,favorite,+110,51,58
13,colonias-gold-basketball-libertad-asuncion-202211071730,paraguay-championship,basketball,"['Colonias Gold Basketball', 'Libertad']","['51', '58']",2022-11-07 18:32:24.351430,Libertad,Colonias Gold Basketball,SPREAD,3.5,favorite,-155,58,51
14,colonias-gold-basketball-libertad-asuncion-202211071730,paraguay-championship,basketball,"['Colonias Gold Basketball', 'Libertad']","['51', '58']",2022-11-07 18:32:24.351430,Colonias Gold Basketball,Libertad,WIN,,,+195,51,58
15,colonias-gold-basketball-libertad-asuncion-202211071730,paraguay-championship,basketball,"['Colonias Gold Basketball', 'Libertad']","['51', '58']",2022-11-07 18:32:24.351430,Libertad,Colonias Gold Basketball,WIN,,,-290,58,51
16,colonias-gold-basketball-libertad-asuncion-202211071730,paraguay-championship,basketball,"['Colonias Gold Basketball', 'Libertad']","['51', '58']",2022-11-07 18:32:24.351430,Colonias Gold Basketball,Libertad,TOTAL,3.5,favorite,-120,51,58
17,colonias-gold-basketball-libertad-asuncion-202211071730,paraguay-championship,basketball,"['Colonias Gold Basketball', 'Libertad']","['51', '58']",2022-11-07 18:32:24.351430,Libertad,Colonias Gold Basketball,TOTAL,3.5,favorite,-120,58,51
18,olimpia-kings-deportivo-san-jose-202211071730,paraguay-championship,basketball,"['Olimpia Kings', 'Deportivo San Jose']","['42', '51']",2022-11-07 18:32:24.476200,Olimpia Kings,Deportivo San Jose,SPREAD,9.5,favorite,-115,42,51
19,olimpia-kings-deportivo-san-jose-202211071730,paraguay-championship,basketball,"['Olimpia Kings', 'Deportivo San Jose']","['42', '51']",2022-11-07 18:32:24.476200,Deportivo San Jose,Olimpia Kings,SPREAD,9.5,favorite,-125,51,42
20,olimpia-kings-deportivo-san-jose-202211071730,paraguay-championship,basketball,"['Olimpia Kings', 'Deportivo San Jose']","['42', '51']",2022-11-07 18:32:24.476200,Olimpia Kings,Deportivo San Jose,WIN,,,+450,42,51
21,olimpia-kings-deportivo-san-jose-202211071730,paraguay-championship,basketball,"['Olimpia Kings', 'Deportivo San Jose']","['42', '51']",2022-11-07 18:32:24.476200,Deportivo San Jose,Olimpia Kings,WIN,,,-800,51,42
22,olimpia-kings-deportivo-san-jose-202211071730,paraguay-championship,basketball,"['Olimpia Kings', 'Deportivo San Jose']","['42', '51']",2022-11-07 18:32:24.476200,Olimpia Kings,Deportivo San Jose,TOTAL,9.5,favorite,+110,42,51
23,olimpia-kings-deportivo-san-jose-202211071730,paraguay-championship,basketball,"['Olimpia Kings', 'Deportivo San Jose']","['42', '51']",2022-11-07 18:32:24.476200,Deportivo San Jose,Olimpia Kings,TOTAL,9.5,favorite,-155,51,42
24,bkn-nets-iceman-gs-warriors-clamps-202211071812,ebasketball-h2h-gg-league-4x5mins,basketball,"['BKN Nets (ICEMAN)', 'GS Warriors (CLAMPS)']","['55', '61']",2022-11-07 18:32:24.578950,BKN Nets (ICEMAN),GS Warriors (CLAMPS),SPREAD,2.5,favorite,-105,55,61
25,bkn-nets-iceman-gs-warriors-clamps-202211071812,ebasketball-h2h-gg-league-4x5mins,basketball,"['BKN Nets (ICEMAN)', 'GS Warriors (CLAMPS)']","['55', '61']",2022-11-07 18:32:24.578950,GS Warriors (CLAMPS),BKN Nets (ICEMAN),SPREAD,2.5,favorite,-135,61,55
26,bkn-nets-iceman-gs-warriors-clamps-202211071812,ebasketball-h2h-gg-league-4x5mins,basketball,"['BKN Nets (ICEMAN)', 'GS Warriors (CLAMPS)']","['55', '61']",2022-11-07 18:32:24.578950,BKN Nets (ICEMAN),GS Warriors (CLAMPS),WIN,,,+180,55,61
27,bkn-nets-iceman-gs-warriors-clamps-202211071812,ebasketball-h2h-gg-league-4x5mins,basketball,"['BKN Nets (ICEMAN)', 'GS Warriors (CLAMPS)']","['55', '61']",2022-11-07 18:32:24.578950,GS Warriors (CLAMPS),BKN Nets (ICEMAN),WIN,,,-265,61,55
28,bkn-nets-iceman-gs-warriors-clamps-202211071812,ebasketball-h2h-gg-league-4x5mins,basketball,"['BKN Nets (ICEMAN)', 'GS Warriors (CLAMPS)']","['55', '61']",2022-11-07 18:32:24.578950,BKN Nets (ICEMAN),GS Warriors (CLAMPS),TOTAL,2.5,favorite,+110,55,61
29,bkn-nets-iceman-gs-warriors-clamps-202211071812,ebasketball-h2h-gg-league-4x5mins,basketball,"['BKN Nets (ICEMAN)', 'GS Warriors (CLAMPS)']","['55', '61']",2022-11-07 18:32:24.578950,GS Warriors (CLAMPS),BKN Nets (ICEMAN),TOTAL,2.5,favorite,-155,61,55
30,mil-bucks-active-pg-bos-celtics-shinigami-202211071822,ebasketball-h2h-gg-league-4x5mins,basketball,"['MIL Bucks (Active PG)', 'BOS Celtics (SHINIGAMI)']","['33', '12']",2022-11-07 18:32:24.713424,MIL Bucks (Active PG),BOS Celtics (SHINIGAMI),SPREAD,17.5,underdog,-125,33,12
31,mil-bucks-active-pg-bos-celtics-shinigami-202211071822,ebasketball-h2h-gg-league-4x5mins,basketball,"['MIL Bucks (Active PG)', 'BOS Celtics (SHINIGAMI)']","['33', '12']",2022-11-07 18:32:24.713424,BOS Celtics (SHINIGAMI),MIL Bucks (Active PG),SPREAD,17.5,underdog,-115,12,33
32,mil-bucks-active-pg-bos-celtics-shinigami-202211071822,ebasketball-h2h-gg-league-4x5mins,basketball,"['MIL Bucks (Active PG)', 'BOS Celtics (SHINIGAMI)']","['33', '12']",2022-11-07 18:32:24.713424,MIL Bucks (Active PG),BOS Celtics (SHINIGAMI),WIN,,,-1000,33,12
33,mil-bucks-active-pg-bos-celtics-shinigami-202211071822,ebasketball-h2h-gg-league-4x5mins,basketball,"['MIL Bucks (Active PG)', 'BOS Celtics (SHINIGAMI)']","['33', '12']",2022-11-07 18:32:24.713424,BOS Celtics (SHINIGAMI),MIL Bucks (Active PG),WIN,,,+500,12,33
34,mil-bucks-active-pg-bos-celtics-shinigami-202211071822,ebasketball-h2h-gg-league-4x5mins,basketball,"['MIL Bucks (Active PG)', 'BOS Celtics (SHINIGAMI)']","['33', '12']",2022-11-07 18:32:24.713424,MIL Bucks (Active PG),BOS Celtics (SHINIGAMI),TOTAL,17.5,underdog,-130,33,12
35,mil-bucks-active-pg-bos-celtics-shinigami-202211071822,ebasketball-h2h-gg-league-4x5mins,basketball,"['MIL Bucks (Active PG)', 'BOS Celtics (SHINIGAMI)']","['33', '12']",2022-11-07 18:32:24.713424,BOS Celtics (SHINIGAMI),MIL Bucks (Active PG),TOTAL,17.5,underdog,-110,12,33
36,la-lakers-eza-gs-warriors-spooky-202211071832,ebasketball-h2h-gg-league-4x5mins,basketball,"['LA Lakers (EZA)', 'GS Warriors (SPOOKY)']","['0', '0']",2022-11-07 18:32:24.860477,LA Lakers (EZA),GS Warriors (SPOOKY),SPREAD,4.5,underdog,-150,0,0
37,la-lakers-eza-gs-warriors-spooky-202211071832,ebasketball-h2h-gg-league-4x5mins,basketball,"['LA Lakers (EZA)', 'GS Warriors (SPOOKY)']","['0', '0']",2022-11-07 18:32:24.860477,GS Warriors (SPOOKY),LA Lakers (EZA),SPREAD,4.5,underdog,+105,0,0
38,la-lakers-eza-gs-warriors-spooky-202211071832,ebasketball-h2h-gg-league-4x5mins,basketball,"['LA Lakers (EZA)', 'GS Warriors (SPOOKY)']","['0', '0']",2022-11-07 18:32:24.860477,LA Lakers (EZA),GS Warriors (SPOOKY),WIN,,,-280,0,0
39,la-lakers-eza-gs-warriors-spooky-202211071832,ebasketball-h2h-gg-league-4x5mins,basketball,"['LA Lakers (EZA)', 'GS Warriors (SPOOKY)']","['0', '0']",2022-11-07 18:32:24.860477,GS Warriors (SPOOKY),LA Lakers (EZA),WIN,,,+190,0,0
40,la-lakers-eza-gs-warriors-spooky-202211071832,ebasketball-h2h-gg-league-4x5mins,basketball,"['LA Lakers (EZA)', 'GS Warriors (SPOOKY)']","['0', '0']",2022-11-07 18:32:24.860477,LA Lakers (EZA),GS Warriors (SPOOKY),TOTAL,4.5,underdog,-120,0,0
41,la-lakers-eza-gs-warriors-spooky-202211071832,ebasketball-h2h-gg-league-4x5mins,basketball,"['LA Lakers (EZA)', 'GS Warriors (SPOOKY)']","['0', '0']",2022-11-07 18:32:24.860477,GS Warriors (SPOOKY),LA Lakers (EZA),TOTAL,4.5,underdog,-120,0,0
42,la-clippers-adza-uta-jazz-djapacmeister-202211071830,ebasketball-battle-4x5mins,basketball,"['LA Clippers (Adza)', 'UTA Jazz (Djapacmeister)']","['2', '2']",2022-11-07 18:32:25.043057,LA Clippers (Adza),UTA Jazz (Djapacmeister),SPREAD,5.5,favorite,-120,2,2
43,la-clippers-adza-uta-jazz-djapacmeister-202211071830,ebasketball-battle-4x5mins,basketball,"['LA Clippers (Adza)', 'UTA Jazz (Djapacmeister)']","['2', '2']",2022-11-07 18:32:25.043057,UTA Jazz (Djapacmeister),LA Clippers (Adza),SPREAD,5.5,favorite,-120,2,2
44,la-clippers-adza-uta-jazz-djapacmeister-202211071830,ebasketball-battle-4x5mins,basketball,"['LA Clippers (Adza)', 'UTA Jazz (Djapacmeister)']","['2', '2']",2022-11-07 18:32:25.043057,LA Clippers (Adza),UTA Jazz (Djapacmeister),WIN,,,+175,2,2
45,la-clippers-adza-uta-jazz-djapacmeister-202211071830,ebasketball-battle-4x5mins,basketball,"['LA Clippers (Adza)', 'UTA Jazz (Djapacmeister)']","['2', '2']",2022-11-07 18:32:25.043057,UTA Jazz (Djapacmeister),LA Clippers (Adza),WIN,,,-255,2,2
46,la-clippers-adza-uta-jazz-djapacmeister-202211071830,ebasketball-battle-4x5mins,basketball,"['LA Clippers (Adza)', 'UTA Jazz (Djapacmeister)']","['2', '2']",2022-11-07 18:32:25.043057,LA Clippers (Adza),UTA Jazz (Djapacmeister),TOTAL,5.5,favorite,-140,2,2
47,la-clippers-adza-uta-jazz-djapacmeister-202211071830,ebasketball-battle-4x5mins,basketball,"['LA Clippers (Adza)', 'UTA Jazz (Djapacmeister)']","['2', '2']",2022-11-07 18:32:25.043057,UTA Jazz (Djapacmeister),LA Clippers (Adza),TOTAL,5.5,favorite,EVEN,2,2
48,orl-magic-blanc-phi-76ers-spicyp-202211071830,ebasketball-battle-4x5mins,basketball,"['ORL Magic (Blanc)', 'PHI 76ers (SpicyP)']","['0', '0']",2022-11-07 18:32:25.251339,ORL Magic (Blanc),PHI 76ers (SpicyP),SPREAD,6.5,favorite,-120,0,0
49,orl-magic-blanc-phi-76ers-spicyp-202211071830,ebasketball-battle-4x5mins,basketball,"['ORL Magic (Blanc)', 'PHI 76ers (SpicyP)']","['0', '0']",2022-11-07 18:32:25.251339,PHI 76ers (SpicyP),ORL Magic (Blanc),SPREAD,6.5,favorite,-120,0,0
50,orl-magic-blanc-phi-76ers-spicyp-202211071830,ebasketball-battle-4x5mins,basketball,"['ORL Magic (Blanc)', 'PHI 76ers (SpicyP)']","['0', '0']",2022-11-07 18:32:25.251339,ORL Magic (Blanc),PHI 76ers (SpicyP),WIN,,,+205,0,0
51,orl-magic-blanc-phi-76ers-spicyp-202211071830,ebasketball-battle-4x5mins,basketball,"['ORL Magic (Blanc)', 'PHI 76ers (SpicyP)']","['0', '0']",2022-11-07 18:32:25.251339,PHI 76ers (SpicyP),ORL Magic (Blanc),WIN,,,-305,0,0
52,orl-magic-blanc-phi-76ers-spicyp-202211071830,ebasketball-battle-4x5mins,basketball,"['ORL Magic (Blanc)', 'PHI 76ers (SpicyP)']","['0', '0']",2022-11-07 18:32:25.251339,ORL Magic (Blanc),PHI 76ers (SpicyP),TOTAL,6.5,favorite,-110,0,0
53,orl-magic-blanc-phi-76ers-spicyp-202211071830,ebasketball-battle-4x5mins,basketball,"['ORL Magic (Blanc)', 'PHI 76ers (SpicyP)']","['0', '0']",2022-11-07 18:32:25.251339,PHI 76ers (SpicyP),ORL Magic (Blanc),TOTAL,6.5,favorite,-130,0,0
54,washington-wizards-charlotte-hornets-202211071900,nba,basketball,"['Washington Wizards', 'Charlotte Hornets']",[],2022-11-07 18:32:25.359382,Washington Wizards,Charlotte Hornets,SPREAD,1.5,favorite,-110,,
55,washington-wizards-charlotte-hornets-202211071900,nba,basketball,"['Washington Wizards', 'Charlotte Hornets']",[],2022-11-07 18:32:25.359382,Charlotte Hornets,Washington Wizards,SPREAD,1.5,favorite,-110,,
56,washington-wizards-charlotte-hornets-202211071900,nba,basketball,"['Washington Wizards', 'Charlotte Hornets']",[],2022-11-07 18:32:25.359382,Washington Wizards,Charlotte Hornets,WIN,,,+105,,
57,washington-wizards-charlotte-hornets-202211071900,nba,basketball,"['Washington Wizards', 'Charlotte Hornets']",[],2022-11-07 18:32:25.359382,Charlotte Hornets,Washington Wizards,WIN,,,-125,,
58,washington-wizards-charlotte-hornets-202211071900,nba,basketball,"['Washington Wizards', 'Charlotte Hornets']",[],2022-11-07 18:32:25.359382,Washington Wizards,Charlotte Hornets,TOTAL,1.5,favorite,-110,,
59,washington-wizards-charlotte-hornets-202211071900,nba,basketball,"['Washington Wizards', 'Charlotte Hornets']",[],2022-11-07 18:32:25.359382,Charlotte Hornets,Washington Wizards,TOTAL,1.5,favorite,-110,,
60,houston-rockets-orlando-magic-202211071915,nba,basketball,"['Houston Rockets', 'Orlando Magic']",[],2022-11-07 18:32:25.491572,Houston Rockets,Orlando Magic,SPREAD,4.5,favorite,-110,,
61,houston-rockets-orlando-magic-202211071915,nba,basketball,"['Houston Rockets', 'Orlando Magic']",[],2022-11-07 18:32:25.491572,Orlando Magic,Houston Rockets,SPREAD,4.5,favorite,-110,,
62,houston-rockets-orlando-magic-202211071915,nba,basketball,"['Houston Rockets', 'Orlando Magic']",[],2022-11-07 18:32:25.491572,Houston Rockets,Orlando Magic,WIN,,,+170,,
63,houston-rockets-orlando-magic-202211071915,nba,basketball,"['Houston Rockets', 'Orlando Magic']",[],2022-11-07 18:32:25.491572,Orlando Magic,Houston Rockets,WIN,,,-200,,
64,houston-rockets-orlando-magic-202211071915,nba,basketball,"['Houston Rockets', 'Orlando Magic']",[],2022-11-07 18:32:25.491572,Houston Rockets,Orlando Magic,TOTAL,4.5,favorite,-110,,
65,houston-rockets-orlando-magic-202211071915,nba,basketball,"['Houston Rockets', 'Orlando Magic']",[],2022-11-07 18:32:25.491572,Orlando Magic,Houston Rockets,TOTAL,4.5,favorite,-110,,
66,oklahoma-city-thunder-detroit-pistons-202211071930,nba,basketball,"['Oklahoma City Thunder', 'Detroit Pistons']",[],2022-11-07 18:32:25.628364,Oklahoma City Thunder,Detroit Pistons,SPREAD,2.0,underdog,-110,,
67,oklahoma-city-thunder-detroit-pistons-202211071930,nba,basketball,"['Oklahoma City Thunder', 'Detroit Pistons']",[],2022-11-07 18:32:25.628364,Detroit Pistons,Oklahoma City Thunder,SPREAD,2.0,underdog,-110,,
68,oklahoma-city-thunder-detroit-pistons-202211071930,nba,basketball,"['Oklahoma City Thunder', 'Detroit Pistons']",[],2022-11-07 18:32:25.628364,Oklahoma City Thunder,Detroit Pistons,WIN,,,-130,,
69,oklahoma-city-thunder-detroit-pistons-202211071930,nba,basketball,"['Oklahoma City Thunder', 'Detroit Pistons']",[],2022-11-07 18:32:25.628364,Detroit Pistons,Oklahoma City Thunder,WIN,,,+110,,
70,oklahoma-city-thunder-detroit-pistons-202211071930,nba,basketball,"['Oklahoma City Thunder', 'Detroit Pistons']",[],2022-11-07 18:32:25.628364,Oklahoma City Thunder,Detroit Pistons,TOTAL,2.0,underdog,-110,,
71,oklahoma-city-thunder-detroit-pistons-202211071930,nba,basketball,"['Oklahoma City Thunder', 'Detroit Pistons']",[],2022-11-07 18:32:25.628364,Detroit Pistons,Oklahoma City Thunder,TOTAL,2.0,underdog,-110,,
72,new-orleans-pelicans-indiana-pacers-202211071945,nba,basketball,"['New Orleans Pelicans', 'Indiana Pacers']",[],2022-11-07 18:32:25.784098,New Orleans Pelicans,Indiana Pacers,SPREAD,5.0,underdog,-110,,
73,new-orleans-pelicans-indiana-pacers-202211071945,nba,basketball,"['New Orleans Pelicans', 'Indiana Pacers']",[],2022-11-07 18:32:25.784098,Indiana Pacers,New Orleans Pelicans,SPREAD,5.0,underdog,-110,,
74,new-orleans-pelicans-indiana-pacers-202211071945,nba,basketball,"['New Orleans Pelicans', 'Indiana Pacers']",[],2022-11-07 18:32:25.784098,New Orleans Pelicans,Indiana Pacers,WIN,,,-195,,
75,new-orleans-pelicans-indiana-pacers-202211071945,nba,basketball,"['New Orleans Pelicans', 'Indiana Pacers']",[],2022-11-07 18:32:25.784098,Indiana Pacers,New Orleans Pelicans,WIN,,,+165,,
76,new-orleans-pelicans-indiana-pacers-202211071945,nba,basketball,"['New Orleans Pelicans', 'Indiana Pacers']",[],2022-11-07 18:32:25.784098,New Orleans Pelicans,Indiana Pacers,TOTAL,5.0,underdog,-110,,
77,new-orleans-pelicans-indiana-pacers-202211071945,nba,basketball,"['New Orleans Pelicans', 'Indiana Pacers']",[],2022-11-07 18:32:25.784098,Indiana Pacers,New Orleans Pelicans,TOTAL,5.0,underdog,-110,,
78,phoenix-suns-philadelphia-76ers-202211072000,nba,basketball,"['Phoenix Suns', 'Philadelphia 76ers']",[],2022-11-07 18:32:25.886352,Phoenix Suns,Philadelphia 76ers,SPREAD,2.5,underdog,-110,,
79,phoenix-suns-philadelphia-76ers-202211072000,nba,basketball,"['Phoenix Suns', 'Philadelphia 76ers']",[],2022-11-07 18:32:25.886352,Philadelphia 76ers,Phoenix Suns,SPREAD,2.5,underdog,-110,,
80,phoenix-suns-philadelphia-76ers-202211072000,nba,basketball,"['Phoenix Suns', 'Philadelphia 76ers']",[],2022-11-07 18:32:25.886352,Phoenix Suns,Philadelphia 76ers,WIN,,,-145,,
81,phoenix-suns-philadelphia-76ers-202211072000,nba,basketball,"['Phoenix Suns', 'Philadelphia 76ers']",[],2022-11-07 18:32:25.886352,Philadelphia 76ers,Phoenix Suns,WIN,,,+125,,
82,phoenix-suns-philadelphia-76ers-202211072000,nba,basketball,"['Phoenix Suns', 'Philadelphia 76ers']",[],2022-11-07 18:32:25.886352,Phoenix Suns,Philadelphia 76ers,TOTAL,2.5,underdog,-110,,
83,phoenix-suns-philadelphia-76ers-202211072000,nba,basketball,"['Phoenix Suns', 'Philadelphia 76ers']",[],2022-11-07 18:32:25.886352,Philadelphia 76ers,Phoenix Suns,TOTAL,2.5,underdog,-110,,
84,milwaukee-bucks-atlanta-hawks-202211072015,nba,basketball,"['Milwaukee Bucks', 'Atlanta Hawks']",[],2022-11-07 18:32:26.075786,Milwaukee Bucks,Atlanta Hawks,SPREAD,4.0,underdog,-110,,
85,milwaukee-bucks-atlanta-hawks-202211072015,nba,basketball,"['Milwaukee Bucks', 'Atlanta Hawks']",[],2022-11-07 18:32:26.075786,Atlanta Hawks,Milwaukee Bucks,SPREAD,4.0,underdog,-110,,
86,milwaukee-bucks-atlanta-hawks-202211072015,nba,basketball,"['Milwaukee Bucks', 'Atlanta Hawks']",[],2022-11-07 18:32:26.075786,Milwaukee Bucks,Atlanta Hawks,WIN,,,-170,,
87,milwaukee-bucks-atlanta-hawks-202211072015,nba,basketball,"['Milwaukee Bucks', 'Atlanta Hawks']",[],2022-11-07 18:32:26.075786,Atlanta Hawks,Milwaukee Bucks,WIN,,,+145,,
88,milwaukee-bucks-atlanta-hawks-202211072015,nba,basketball,"['Milwaukee Bucks', 'Atlanta Hawks']",[],2022-11-07 18:32:26.075786,Milwaukee Bucks,Atlanta Hawks,TOTAL,4.0,underdog,-110,,
89,milwaukee-bucks-atlanta-hawks-202211072015,nba,basketball,"['Milwaukee Bucks', 'Atlanta Hawks']",[],2022-11-07 18:32:26.075786,Atlanta Hawks,Milwaukee Bucks,TOTAL,4.0,underdog,-110,,
90,portland-trail-blazers-miami-heat-202211072030,nba,basketball,"['Portland Trail Blazers', 'Miami Heat']",[],2022-11-07 18:32:26.271357,Portland Trail Blazers,Miami Heat,SPREAD,5.0,favorite,-110,,
91,portland-trail-blazers-miami-heat-202211072030,nba,basketball,"['Portland Trail Blazers', 'Miami Heat']",[],2022-11-07 18:32:26.271357,Miami Heat,Portland Trail Blazers,SPREAD,5.0,favorite,-110,,
92,portland-trail-blazers-miami-heat-202211072030,nba,basketball,"['Portland Trail Blazers', 'Miami Heat']",[],2022-11-07 18:32:26.271357,Portland Trail Blazers,Miami Heat,WIN,,,+175,,
93,portland-trail-blazers-miami-heat-202211072030,nba,basketball,"['Portland Trail Blazers', 'Miami Heat']",[],2022-11-07 18:32:26.271357,Miami Heat,Portland Trail Blazers,WIN,,,-210,,
94,portland-trail-blazers-miami-heat-202211072030,nba,basketball,"['Portland Trail Blazers', 'Miami Heat']",[],2022-11-07 18:32:26.271357,Portland Trail Blazers,Miami Heat,TOTAL,5.0,favorite,-110,,
95,portland-trail-blazers-miami-heat-202211072030,nba,basketball,"['Portland Trail Blazers', 'Miami Heat']",[],2022-11-07 18:32:26.271357,Miami Heat,Portland Trail Blazers,TOTAL,5.0,favorite,-110,,
96,toronto-raptors-chicago-bulls-202211072045,nba,basketball,"['Toronto Raptors', 'Chicago Bulls']",[],2022-11-07 18:32:26.445760,Toronto Raptors,Chicago Bulls,SPREAD,2.0,favorite,-110,,
97,toronto-raptors-chicago-bulls-202211072045,nba,basketball,"['Toronto Raptors', 'Chicago Bulls']",[],2022-11-07 18:32:26.445760,Chicago Bulls,Toronto Raptors,SPREAD,2.0,favorite,-110,,
98,toronto-raptors-chicago-bulls-202211072045,nba,basketball,"['Toronto Raptors', 'Chicago Bulls']",[],2022-11-07 18:32:26.445760,Toronto Raptors,Chicago Bulls,WIN,,,+110,,
99,toronto-raptors-chicago-bulls-202211072045,nba,basketball,"['Toronto Raptors', 'Chicago Bulls']",[],2022-11-07 18:32:26.445760,Chicago Bulls,Toronto Raptors,WIN,,,-130,,
100,toronto-raptors-chicago-bulls-202211072045,nba,basketball,"['Toronto Raptors', 'Chicago Bulls']",[],2022-11-07 18:32:26.445760,Toronto Raptors,Chicago Bulls,TOTAL,2.0,favorite,-110,,
101,toronto-raptors-chicago-bulls-202211072045,nba,basketball,"['Toronto Raptors', 'Chicago Bulls']",[],2022-11-07 18:32:26.445760,Chicago Bulls,Toronto Raptors,TOTAL,2.0,favorite,-110,,
102,boston-celtics-memphis-grizzlies-202211072100,nba,basketball,"['Boston Celtics', 'Memphis Grizzlies']",[],2022-11-07 18:32:26.616441,Boston Celtics,Memphis Grizzlies,SPREAD,3.5,underdog,-110,,
103,boston-celtics-memphis-grizzlies-202211072100,nba,basketball,"['Boston Celtics', 'Memphis Grizzlies']",[],2022-11-07 18:32:26.616441,Memphis Grizzlies,Boston Celtics,SPREAD,3.5,underdog,-110,,
104,boston-celtics-memphis-grizzlies-202211072100,nba,basketball,"['Boston Celtics', 'Memphis Grizzlies']",[],2022-11-07 18:32:26.616441,Boston Celtics,Memphis Grizzlies,WIN,,,-160,,
105,boston-celtics-memphis-grizzlies-202211072100,nba,basketball,"['Boston Celtics', 'Memphis Grizzlies']",[],2022-11-07 18:32:26.616441,Memphis Grizzlies,Boston Celtics,WIN,,,+135,,
106,boston-celtics-memphis-grizzlies-202211072100,nba,basketball,"['Boston Celtics', 'Memphis Grizzlies']",[],2022-11-07 18:32:26.616441,Boston Celtics,Memphis Grizzlies,TOTAL,3.5,underdog,-110,,
107,boston-celtics-memphis-grizzlies-202211072100,nba,basketball,"['Boston Celtics', 'Memphis Grizzlies']",[],2022-11-07 18:32:26.616441,Memphis Grizzlies,Boston Celtics,TOTAL,3.5,underdog,-110,,
108,new-york-knicks-minnesota-timberwolves-202211072115,nba,basketball,"['New York Knicks', 'Minnesota Timberwolves']",[],2022-11-07 18:32:26.794219,New York Knicks,Minnesota Timberwolves,SPREAD,2.5,favorite,-110,,
109,new-york-knicks-minnesota-timberwolves-202211072115,nba,basketball,"['New York Knicks', 'Minnesota Timberwolves']",[],2022-11-07 18:32:26.794219,Minnesota Timberwolves,New York Knicks,SPREAD,2.5,favorite,-110,,
110,new-york-knicks-minnesota-timberwolves-202211072115,nba,basketball,"['New York Knicks', 'Minnesota Timberwolves']",[],2022-11-07 18:32:26.794219,New York Knicks,Minnesota Timberwolves,WIN,,,+120,,
111,new-york-knicks-minnesota-timberwolves-202211072115,nba,basketball,"['New York Knicks', 'Minnesota Timberwolves']",[],2022-11-07 18:32:26.794219,Minnesota Timberwolves,New York Knicks,WIN,,,-140,,
112,new-york-knicks-minnesota-timberwolves-202211072115,nba,basketball,"['New York Knicks', 'Minnesota Timberwolves']",[],2022-11-07 18:32:26.794219,New York Knicks,Minnesota Timberwolves,TOTAL,2.5,favorite,-110,,
113,new-york-knicks-minnesota-timberwolves-202211072115,nba,basketball,"['New York Knicks', 'Minnesota Timberwolves']",[],2022-11-07 18:32:26.794219,Minnesota Timberwolves,New York Knicks,TOTAL,2.5,favorite,-110,,
114,denver-nuggets-san-antonio-spurs-202211072130,nba,basketball,"['Denver Nuggets', 'San Antonio Spurs']",[],2022-11-07 18:32:26.984589,Denver Nuggets,San Antonio Spurs,SPREAD,7.5,underdog,-110,,
115,denver-nuggets-san-antonio-spurs-202211072130,nba,basketball,"['Denver Nuggets', 'San Antonio Spurs']",[],2022-11-07 18:32:26.984589,San Antonio Spurs,Denver Nuggets,SPREAD,7.5,underdog,-110,,
116,denver-nuggets-san-antonio-spurs-202211072130,nba,basketball,"['Denver Nuggets', 'San Antonio Spurs']",[],2022-11-07 18:32:26.984589,Denver Nuggets,San Antonio Spurs,WIN,,,-310,,
117,denver-nuggets-san-antonio-spurs-202211072130,nba,basketball,"['Denver Nuggets', 'San Antonio Spurs']",[],2022-11-07 18:32:26.984589,San Antonio Spurs,Denver Nuggets,WIN,,,+255,,
118,denver-nuggets-san-antonio-spurs-202211072130,nba,basketball,"['Denver Nuggets', 'San Antonio Spurs']",[],2022-11-07 18:32:26.984589,Denver Nuggets,San Antonio Spurs,TOTAL,7.5,underdog,-110,,
119,denver-nuggets-san-antonio-spurs-202211072130,nba,basketball,"['Denver Nuggets', 'San Antonio Spurs']",[],2022-11-07 18:32:26.984589,San Antonio Spurs,Denver Nuggets,TOTAL,7.5,underdog,-110,,
120,brooklyn-nets-dallas-mavericks-202211072145,nba,basketball,"['Brooklyn Nets', 'Dallas Mavericks']",[],2022-11-07 18:32:27.265060,Brooklyn Nets,Dallas Mavericks,SPREAD,6.0,favorite,-110,,
121,brooklyn-nets-dallas-mavericks-202211072145,nba,basketball,"['Brooklyn Nets', 'Dallas Mavericks']",[],2022-11-07 18:32:27.265060,Dallas Mavericks,Brooklyn Nets,SPREAD,6.0,favorite,-110,,
122,brooklyn-nets-dallas-mavericks-202211072145,nba,basketball,"['Brooklyn Nets', 'Dallas Mavericks']",[],2022-11-07 18:32:27.265060,Brooklyn Nets,Dallas Mavericks,WIN,,,+195,,
123,brooklyn-nets-dallas-mavericks-202211072145,nba,basketball,"['Brooklyn Nets', 'Dallas Mavericks']",[],2022-11-07 18:32:27.265060,Dallas Mavericks,Brooklyn Nets,WIN,,,-235,,
124,brooklyn-nets-dallas-mavericks-202211072145,nba,basketball,"['Brooklyn Nets', 'Dallas Mavericks']",[],2022-11-07 18:32:27.265060,Brooklyn Nets,Dallas Mavericks,TOTAL,6.0,favorite,-110,,
125,brooklyn-nets-dallas-mavericks-202211072145,nba,basketball,"['Brooklyn Nets', 'Dallas Mavericks']",[],2022-11-07 18:32:27.265060,Dallas Mavericks,Brooklyn Nets,TOTAL,6.0,favorite,-110,,
126,sacramento-kings-golden-state-warriors-202211072200,nba,basketball,"['Sacramento Kings', 'Golden State Warriors']",[],2022-11-07 18:32:27.530097,Sacramento Kings,Golden State Warriors,SPREAD,8.0,favorite,-110,,
127,sacramento-kings-golden-state-warriors-202211072200,nba,basketball,"['Sacramento Kings', 'Golden State Warriors']",[],2022-11-07 18:32:27.530097,Golden State Warriors,Sacramento Kings,SPREAD,8.0,favorite,-110,,
128,sacramento-kings-golden-state-warriors-202211072200,nba,basketball,"['Sacramento Kings', 'Golden State Warriors']",[],2022-11-07 18:32:27.530097,Sacramento Kings,Golden State Warriors,WIN,,,+265,,
129,sacramento-kings-golden-state-warriors-202211072200,nba,basketball,"['Sacramento Kings', 'Golden State Warriors']",[],2022-11-07 18:32:27.530097,Golden State Warriors,Sacramento Kings,WIN,,,-330,,
130,sacramento-kings-golden-state-warriors-202211072200,nba,basketball,"['Sacramento Kings', 'Golden State Warriors']",[],2022-11-07 18:32:27.530097,Sacramento Kings,Golden State Warriors,TOTAL,8.0,favorite,-110,,
131,sacramento-kings-golden-state-warriors-202211072200,nba,basketball,"['Sacramento Kings', 'Golden State Warriors']",[],2022-11-07 18:32:27.530097,Golden State Warriors,Sacramento Kings,TOTAL,8.0,favorite,-110,,
132,los-angeles-lakers-utah-jazz-202211072215,nba,basketball,"['Los Angeles Lakers', 'Utah Jazz']",[],2022-11-07 18:32:27.748643,Los Angeles Lakers,Utah Jazz,SPREAD,7.0,favorite,-110,,
133,los-angeles-lakers-utah-jazz-202211072215,nba,basketball,"['Los Angeles Lakers', 'Utah Jazz']",[],2022-11-07 18:32:27.748643,Utah Jazz,Los Angeles Lakers,SPREAD,7.0,favorite,-110,,
134,los-angeles-lakers-utah-jazz-202211072215,nba,basketball,"['Los Angeles Lakers', 'Utah Jazz']",[],2022-11-07 18:32:27.748643,Los Angeles Lakers,Utah Jazz,WIN,,,+215,,
135,los-angeles-lakers-utah-jazz-202211072215,nba,basketball,"['Los Angeles Lakers', 'Utah Jazz']",[],2022-11-07 18:32:27.748643,Utah Jazz,Los Angeles Lakers,WIN,,,-260,,
136,los-angeles-lakers-utah-jazz-202211072215,nba,basketball,"['Los Angeles Lakers', 'Utah Jazz']",[],2022-11-07 18:32:27.748643,Los Angeles Lakers,Utah Jazz,TOTAL,7.0,favorite,-110,,
137,los-angeles-lakers-utah-jazz-202211072215,nba,basketball,"['Los Angeles Lakers', 'Utah Jazz']",[],2022-11-07 18:32:27.748643,Utah Jazz,Los Angeles Lakers,TOTAL,7.0,favorite,-110,,
138,cleveland-cavaliers-l-a-clippers-202211072230,nba,basketball,"['Cleveland Cavaliers', 'L.A. Clippers']",[],2022-11-07 18:32:27.933749,Cleveland Cavaliers,L.A. Clippers,SPREAD,5.0,underdog,-105,,
139,cleveland-cavaliers-l-a-clippers-202211072230,nba,basketball,"['Cleveland Cavaliers', 'L.A. Clippers']",[],2022-11-07 18:32:27.933749,L.A. Clippers,Cleveland Cavaliers,SPREAD,5.0,underdog,-115,,
140,cleveland-cavaliers-l-a-clippers-202211072230,nba,basketball,"['Cleveland Cavaliers', 'L.A. Clippers']",[],2022-11-07 18:32:27.933749,Cleveland Cavaliers,L.A. Clippers,WIN,,,-200,,
141,cleveland-cavaliers-l-a-clippers-202211072230,nba,basketball,"['Cleveland Cavaliers', 'L.A. Clippers']",[],2022-11-07 18:32:27.933749,L.A. Clippers,Cleveland Cavaliers,WIN,,,+170,,
142,cleveland-cavaliers-l-a-clippers-202211072230,nba,basketball,"['Cleveland Cavaliers', 'L.A. Clippers']",[],2022-11-07 18:32:27.933749,Cleveland Cavaliers,L.A. Clippers,TOTAL,5.0,underdog,-110,,
143,cleveland-cavaliers-l-a-clippers-202211072230,nba,basketball,"['Cleveland Cavaliers', 'L.A. Clippers']",[],2022-11-07 18:32:27.933749,L.A. Clippers,Cleveland Cavaliers,TOTAL,5.0,underdog,-110,,
144,ipfw-michigan-22-202211071830,college-basketball,basketball,"['IPFW', 'Michigan (#22)']",[],2022-11-07 18:32:28.108880,IPFW,Michigan (#22),SPREAD,16.5,favorite,-110,,
145,ipfw-michigan-22-202211071830,college-basketball,basketball,"['IPFW', 'Michigan (#22)']",[],2022-11-07 18:32:28.108880,Michigan (#22),IPFW,SPREAD,16.5,favorite,-110,,
146,ipfw-michigan-22-202211071830,college-basketball,basketball,"['IPFW', 'Michigan (#22)']",[],2022-11-07 18:32:28.108880,IPFW,Michigan (#22),WIN,,,+950,,
147,ipfw-michigan-22-202211071830,college-basketball,basketball,"['IPFW', 'Michigan (#22)']",[],2022-11-07 18:32:28.108880,Michigan (#22),IPFW,WIN,,,-2000,,
148,ipfw-michigan-22-202211071830,college-basketball,basketball,"['IPFW', 'Michigan (#22)']",[],2022-11-07 18:32:28.108880,IPFW,Michigan (#22),TOTAL,16.5,favorite,-110,,
149,ipfw-michigan-22-202211071830,college-basketball,basketball,"['IPFW', 'Michigan (#22)']",[],2022-11-07 18:32:28.108880,Michigan (#22),IPFW,TOTAL,16.5,favorite,-110,,
150,la-salle-villanova-16-202211071830,college-basketball,basketball,"['La Salle', 'Villanova (#16)']",[],2022-11-07 18:32:28.298467,La Salle,Villanova (#16),SPREAD,15.0,favorite,-110,,
151,la-salle-villanova-16-202211071830,college-basketball,basketball,"['La Salle', 'Villanova (#16)']",[],2022-11-07 18:32:28.298467,Villanova (#16),La Salle,SPREAD,15.0,favorite,-110,,
152,la-salle-villanova-16-202211071830,college-basketball,basketball,"['La Salle', 'Villanova (#16)']",[],2022-11-07 18:32:28.298467,La Salle,Villanova (#16),WIN,,,+950,,
153,la-salle-villanova-16-202211071830,college-basketball,basketball,"['La Salle', 'Villanova (#16)']",[],2022-11-07 18:32:28.298467,Villanova (#16),La Salle,WIN,,,-2000,,
154,la-salle-villanova-16-202211071830,college-basketball,basketball,"['La Salle', 'Villanova (#16)']",[],2022-11-07 18:32:28.298467,La Salle,Villanova (#16),TOTAL,15.0,favorite,-110,,
155,la-salle-villanova-16-202211071830,college-basketball,basketball,"['La Salle', 'Villanova (#16)']",[],2022-11-07 18:32:28.298467,Villanova (#16),La Salle,TOTAL,15.0,favorite,-110,,
156,merrimack-st-john-s-202211071845,college-basketball,basketball,"['Merrimack', ""St. John's""]",[],2022-11-07 18:32:28.486799,Merrimack,St. John's,SPREAD,20.0,favorite,-110,,
157,merrimack-st-john-s-202211071845,college-basketball,basketball,"['Merrimack', ""St. John's""]",[],2022-11-07 18:32:28.486799,St. John's,Merrimack,SPREAD,20.0,favorite,-110,,
158,merrimack-st-john-s-202211071845,college-basketball,basketball,"['Merrimack', ""St. John's""]",[],2022-11-07 18:32:28.486799,Merrimack,St. John's,WIN,20.0,favorite,-110,,
159,merrimack-st-john-s-202211071845,college-basketball,basketball,"['Merrimack', ""St. John's""]",[],2022-11-07 18:32:28.486799,St. John's,Merrimack,WIN,20.0,favorite,-110,,
160,air-force-bowling-green-202211071900,college-basketball,basketball,"['Air Force', 'Bowling Green']",[],2022-11-07 18:32:28.681862,Air Force,Bowling Green,SPREAD,3.5,favorite,-110,,
161,air-force-bowling-green-202211071900,college-basketball,basketball,"['Air Force', 'Bowling Green']",[],2022-11-07 18:32:28.681862,Bowling Green,Air Force,SPREAD,3.5,favorite,-110,,
162,air-force-bowling-green-202211071900,college-basketball,basketball,"['Air Force', 'Bowling Green']",[],2022-11-07 18:32:28.681862,Air Force,Bowling Green,WIN,,,+140,,
163,air-force-bowling-green-202211071900,college-basketball,basketball,"['Air Force', 'Bowling Green']",[],2022-11-07 18:32:28.681862,Bowling Green,Air Force,WIN,,,-165,,
164,air-force-bowling-green-202211071900,college-basketball,basketball,"['Air Force', 'Bowling Green']",[],2022-11-07 18:32:28.681862,Air Force,Bowling Green,TOTAL,3.5,favorite,-110,,
165,air-force-bowling-green-202211071900,college-basketball,basketball,"['Air Force', 'Bowling Green']",[],2022-11-07 18:32:28.681862,Bowling Green,Air Force,TOTAL,3.5,favorite,-110,,
166,albany-ny-towson-202211071900,college-basketball,basketball,"['Albany NY', 'Towson']",[],2022-11-07 18:32:28.873833,Albany NY,Towson,SPREAD,16.5,favorite,-110,,
167,albany-ny-towson-202211071900,college-basketball,basketball,"['Albany NY', 'Towson']",[],2022-11-07 18:32:28.873833,Towson,Albany NY,SPREAD,16.5,favorite,-110,,
168,albany-ny-towson-202211071900,college-basketball,basketball,"['Albany NY', 'Towson']",[],2022-11-07 18:32:28.873833,Albany NY,Towson,WIN,16.5,favorite,-110,,
169,albany-ny-towson-202211071900,college-basketball,basketball,"['Albany NY', 'Towson']",[],2022-11-07 18:32:28.873833,Towson,Albany NY,WIN,16.5,favorite,-110,,
170,bethune-cookman-iowa-202211071900,college-basketball,basketball,"['Bethune Cookman', 'Iowa']",[],2022-11-07 18:32:29.061435,Bethune Cookman,Iowa,SPREAD,29.0,favorite,-110,,
171,bethune-cookman-iowa-202211071900,college-basketball,basketball,"['Bethune Cookman', 'Iowa']",[],2022-11-07 18:32:29.061435,Iowa,Bethune Cookman,SPREAD,29.0,favorite,-110,,
172,bethune-cookman-iowa-202211071900,college-basketball,basketball,"['Bethune Cookman', 'Iowa']",[],2022-11-07 18:32:29.061435,Bethune Cookman,Iowa,WIN,29.0,favorite,-110,,
173,bethune-cookman-iowa-202211071900,college-basketball,basketball,"['Bethune Cookman', 'Iowa']",[],2022-11-07 18:32:29.061435,Iowa,Bethune Cookman,WIN,29.0,favorite,-110,,
174,brown-vermont-202211071900,college-basketball,basketball,"['Brown', 'Vermont']",[],2022-11-07 18:32:29.192408,Brown,Vermont,SPREAD,12.0,favorite,-110,,
175,brown-vermont-202211071900,college-basketball,basketball,"['Brown', 'Vermont']",[],2022-11-07 18:32:29.192408,Vermont,Brown,SPREAD,12.0,favorite,-110,,
176,brown-vermont-202211071900,college-basketball,basketball,"['Brown', 'Vermont']",[],2022-11-07 18:32:29.192408,Brown,Vermont,WIN,12.0,favorite,-110,,
177,brown-vermont-202211071900,college-basketball,basketball,"['Brown', 'Vermont']",[],2022-11-07 18:32:29.192408,Vermont,Brown,WIN,12.0,favorite,-110,,
178,colgate-buffalo-202211071900,college-basketball,basketball,"['Colgate', 'Buffalo']",[],2022-11-07 18:32:29.383198,Colgate,Buffalo,SPREAD,3.0,underdog,-110,,
179,colgate-buffalo-202211071900,college-basketball,basketball,"['Colgate', 'Buffalo']",[],2022-11-07 18:32:29.383198,Buffalo,Colgate,SPREAD,3.0,underdog,-110,,
180,colgate-buffalo-202211071900,college-basketball,basketball,"['Colgate', 'Buffalo']",[],2022-11-07 18:32:29.383198,Colgate,Buffalo,WIN,3.0,underdog,-110,,
181,colgate-buffalo-202211071900,college-basketball,basketball,"['Colgate', 'Buffalo']",[],2022-11-07 18:32:29.383198,Buffalo,Colgate,WIN,3.0,underdog,-110,,
182,columbia-rutgers-202211071900,college-basketball,basketball,"['Columbia', 'Rutgers']",[],2022-11-07 18:32:29.571117,Columbia,Rutgers,SPREAD,18.5,favorite,-110,,
183,columbia-rutgers-202211071900,college-basketball,basketball,"['Columbia', 'Rutgers']",[],2022-11-07 18:32:29.571117,Rutgers,Columbia,SPREAD,18.5,favorite,-110,,
184,columbia-rutgers-202211071900,college-basketball,basketball,"['Columbia', 'Rutgers']",[],2022-11-07 18:32:29.571117,Columbia,Rutgers,WIN,,,+1250,,
185,columbia-rutgers-202211071900,college-basketball,basketball,"['Columbia', 'Rutgers']",[],2022-11-07 18:32:29.571117,Rutgers,Columbia,WIN,,,-4500,,
186,columbia-rutgers-202211071900,college-basketball,basketball,"['Columbia', 'Rutgers']",[],2022-11-07 18:32:29.571117,Columbia,Rutgers,TOTAL,18.5,favorite,-110,,
187,columbia-rutgers-202211071900,college-basketball,basketball,"['Columbia', 'Rutgers']",[],2022-11-07 18:32:29.571117,Rutgers,Columbia,TOTAL,18.5,favorite,-110,,
188,houston-christian-florida-international-202211071900,college-basketball,basketball,"['Houston Baptist\xa0', 'Florida International']",[],2022-11-07 18:32:29.756910,Houston Baptist ,Florida International,SPREAD,13.5,favorite,-110,,
189,houston-christian-florida-international-202211071900,college-basketball,basketball,"['Houston Baptist\xa0', 'Florida International']",[],2022-11-07 18:32:29.756910,Florida International,Houston Baptist ,SPREAD,13.5,favorite,-110,,
190,houston-christian-florida-international-202211071900,college-basketball,basketball,"['Houston Baptist\xa0', 'Florida International']",[],2022-11-07 18:32:29.756910,Houston Baptist ,Florida International,WIN,13.5,favorite,-110,,
191,houston-christian-florida-international-202211071900,college-basketball,basketball,"['Houston Baptist\xa0', 'Florida International']",[],2022-11-07 18:32:29.756910,Florida International,Houston Baptist ,WIN,13.5,favorite,-110,,
192,idaho-denver-u-202211071900,college-basketball,basketball,"['Idaho', 'Denver U']",[],2022-11-07 18:32:30.010743,Idaho,Denver U,SPREAD,9.5,favorite,-110,,
193,idaho-denver-u-202211071900,college-basketball,basketball,"['Idaho', 'Denver U']",[],2022-11-07 18:32:30.010743,Denver U,Idaho,SPREAD,9.5,favorite,-110,,
194,idaho-denver-u-202211071900,college-basketball,basketball,"['Idaho', 'Denver U']",[],2022-11-07 18:32:30.010743,Idaho,Denver U,WIN,,,+400,,
195,idaho-denver-u-202211071900,college-basketball,basketball,"['Idaho', 'Denver U']",[],2022-11-07 18:32:30.010743,Denver U,Idaho,WIN,,,-575,,
196,idaho-denver-u-202211071900,college-basketball,basketball,"['Idaho', 'Denver U']",[],2022-11-07 18:32:30.010743,Idaho,Denver U,TOTAL,9.5,favorite,-110,,
197,idaho-denver-u-202211071900,college-basketball,basketball,"['Idaho', 'Denver U']",[],2022-11-07 18:32:30.010743,Denver U,Idaho,TOTAL,9.5,favorite,-110,,
198,jacksonville-duke-7-202211071900,college-basketball,basketball,"['Jacksonville\xa0', 'Duke (#7)']",[],2022-11-07 18:32:30.225578,Jacksonville ,Duke (#7),SPREAD,15.5,favorite,-110,,
199,jacksonville-duke-7-202211071900,college-basketball,basketball,"['Jacksonville\xa0', 'Duke (#7)']",[],2022-11-07 18:32:30.225578,Duke (#7),Jacksonville ,SPREAD,15.5,favorite,-110,,
200,jacksonville-duke-7-202211071900,college-basketball,basketball,"['Jacksonville\xa0', 'Duke (#7)']",[],2022-11-07 18:32:30.225578,Jacksonville ,Duke (#7),WIN,15.5,favorite,-110,,
201,jacksonville-duke-7-202211071900,college-basketball,basketball,"['Jacksonville\xa0', 'Duke (#7)']",[],2022-11-07 18:32:30.225578,Duke (#7),Jacksonville ,WIN,15.5,favorite,-110,,
202,kent-state-northern-kentucky-202211071900,college-basketball,basketball,"['Kent State', 'Northern Kentucky']",[],2022-11-07 18:32:30.412226,Kent State,Northern Kentucky,SPREAD,1.0,favorite,-115,,
203,kent-state-northern-kentucky-202211071900,college-basketball,basketball,"['Kent State', 'Northern Kentucky']",[],2022-11-07 18:32:30.412226,Northern Kentucky,Kent State,SPREAD,1.0,favorite,-105,,
204,kent-state-northern-kentucky-202211071900,college-basketball,basketball,"['Kent State', 'Northern Kentucky']",[],2022-11-07 18:32:30.412226,Kent State,Northern Kentucky,WIN,,,-105,,
205,kent-state-northern-kentucky-202211071900,college-basketball,basketball,"['Kent State', 'Northern Kentucky']",[],2022-11-07 18:32:30.412226,Northern Kentucky,Kent State,WIN,,,-115,,
206,kent-state-northern-kentucky-202211071900,college-basketball,basketball,"['Kent State', 'Northern Kentucky']",[],2022-11-07 18:32:30.412226,Kent State,Northern Kentucky,TOTAL,1.0,favorite,-110,,
207,kent-state-northern-kentucky-202211071900,college-basketball,basketball,"['Kent State', 'Northern Kentucky']",[],2022-11-07 18:32:30.412226,Northern Kentucky,Kent State,TOTAL,1.0,favorite,-110,,
208,lindenwood-dayton-24-202211071900,college-basketball,basketball,"['Lindenwood', 'Dayton (#24)']",[],2022-11-07 18:32:30.646245,Lindenwood,Dayton (#24),SPREAD,31.5,favorite,-110,,
209,lindenwood-dayton-24-202211071900,college-basketball,basketball,"['Lindenwood', 'Dayton (#24)']",[],2022-11-07 18:32:30.646245,Dayton (#24),Lindenwood,SPREAD,31.5,favorite,-110,,
210,lindenwood-dayton-24-202211071900,college-basketball,basketball,"['Lindenwood', 'Dayton (#24)']",[],2022-11-07 18:32:30.646245,Lindenwood,Dayton (#24),WIN,31.5,favorite,-110,,
211,lindenwood-dayton-24-202211071900,college-basketball,basketball,"['Lindenwood', 'Dayton (#24)']",[],2022-11-07 18:32:30.646245,Dayton (#24),Lindenwood,WIN,31.5,favorite,-110,,
212,md-eastern-shore-old-dominion-202211071900,college-basketball,basketball,"['MD Eastern Shore', 'Old Dominion']",[],2022-11-07 18:32:30.815568,MD Eastern Shore,Old Dominion,SPREAD,11.0,favorite,-110,,
213,md-eastern-shore-old-dominion-202211071900,college-basketball,basketball,"['MD Eastern Shore', 'Old Dominion']",[],2022-11-07 18:32:30.815568,Old Dominion,MD Eastern Shore,SPREAD,11.0,favorite,-110,,
214,md-eastern-shore-old-dominion-202211071900,college-basketball,basketball,"['MD Eastern Shore', 'Old Dominion']",[],2022-11-07 18:32:30.815568,MD Eastern Shore,Old Dominion,WIN,11.0,favorite,-110,,
215,md-eastern-shore-old-dominion-202211071900,college-basketball,basketball,"['MD Eastern Shore', 'Old Dominion']",[],2022-11-07 18:32:30.815568,Old Dominion,MD Eastern Shore,WIN,11.0,favorite,-110,,
216,manhattan-virginia-commonwealth-202211071900,college-basketball,basketball,"['Manhattan\xa0', 'Virginia Commonwealth']",[],2022-11-07 18:32:30.934126,Manhattan ,Virginia Commonwealth,SPREAD,23.0,favorite,-110,,
217,manhattan-virginia-commonwealth-202211071900,college-basketball,basketball,"['Manhattan\xa0', 'Virginia Commonwealth']",[],2022-11-07 18:32:30.934126,Virginia Commonwealth,Manhattan ,SPREAD,23.0,favorite,-110,,
218,manhattan-virginia-commonwealth-202211071900,college-basketball,basketball,"['Manhattan\xa0', 'Virginia Commonwealth']",[],2022-11-07 18:32:30.934126,Manhattan ,Virginia Commonwealth,WIN,,,+1325,,
219,manhattan-virginia-commonwealth-202211071900,college-basketball,basketball,"['Manhattan\xa0', 'Virginia Commonwealth']",[],2022-11-07 18:32:30.934126,Virginia Commonwealth,Manhattan ,WIN,,,-6000,,
220,manhattan-virginia-commonwealth-202211071900,college-basketball,basketball,"['Manhattan\xa0', 'Virginia Commonwealth']",[],2022-11-07 18:32:30.934126,Manhattan ,Virginia Commonwealth,TOTAL,23.0,favorite,-110,,
221,manhattan-virginia-commonwealth-202211071900,college-basketball,basketball,"['Manhattan\xa0', 'Virginia Commonwealth']",[],2022-11-07 18:32:30.934126,Virginia Commonwealth,Manhattan ,TOTAL,23.0,favorite,-110,,
222,marshall-queens-nc-202211071900,college-basketball,basketball,"['Marshall', 'Queens NC']",[],2022-11-07 18:32:31.120559,Marshall,Queens NC,SPREAD,5.0,underdog,-110,,
223,marshall-queens-nc-202211071900,college-basketball,basketball,"['Marshall', 'Queens NC']",[],2022-11-07 18:32:31.120559,Queens NC,Marshall,SPREAD,5.0,underdog,-110,,
224,marshall-queens-nc-202211071900,college-basketball,basketball,"['Marshall', 'Queens NC']",[],2022-11-07 18:32:31.120559,Marshall,Queens NC,WIN,5.0,underdog,-110,,
225,marshall-queens-nc-202211071900,college-basketball,basketball,"['Marshall', 'Queens NC']",[],2022-11-07 18:32:31.120559,Queens NC,Marshall,WIN,5.0,underdog,-110,,
226,morehead-state-indiana-13-202211071900,college-basketball,basketball,"['Morehead State', 'Indiana (#13)']",[],2022-11-07 18:32:31.247188,Morehead State,Indiana (#13),SPREAD,24.5,favorite,-110,,
227,morehead-state-indiana-13-202211071900,college-basketball,basketball,"['Morehead State', 'Indiana (#13)']",[],2022-11-07 18:32:31.247188,Indiana (#13),Morehead State,SPREAD,24.5,favorite,-110,,
228,morehead-state-indiana-13-202211071900,college-basketball,basketball,"['Morehead State', 'Indiana (#13)']",[],2022-11-07 18:32:31.247188,Morehead State,Indiana (#13),WIN,24.5,favorite,-110,,
229,morehead-state-indiana-13-202211071900,college-basketball,basketball,"['Morehead State', 'Indiana (#13)']",[],2022-11-07 18:32:31.247188,Indiana (#13),Morehead State,WIN,24.5,favorite,-110,,
230,mount-st-mary-s-west-virginia-202211071900,college-basketball,basketball,"[""Mount St. Mary's"", 'West Virginia']",[],2022-11-07 18:32:31.421197,Mount St. Mary's,West Virginia,SPREAD,17.0,favorite,-110,,
231,mount-st-mary-s-west-virginia-202211071900,college-basketball,basketball,"[""Mount St. Mary's"", 'West Virginia']",[],2022-11-07 18:32:31.421197,West Virginia,Mount St. Mary's,SPREAD,17.0,favorite,-110,,
232,mount-st-mary-s-west-virginia-202211071900,college-basketball,basketball,"[""Mount St. Mary's"", 'West Virginia']",[],2022-11-07 18:32:31.421197,Mount St. Mary's,West Virginia,WIN,17.0,favorite,-110,,
233,mount-st-mary-s-west-virginia-202211071900,college-basketball,basketball,"[""Mount St. Mary's"", 'West Virginia']",[],2022-11-07 18:32:31.421197,West Virginia,Mount St. Mary's,WIN,17.0,favorite,-110,,
234,njit-st-peter-s-202211071900,college-basketball,basketball,"['NJIT', ""St. Peter's""]",[],2022-11-07 18:32:31.628399,NJIT,St. Peter's,SPREAD,9.0,favorite,-110,,
235,njit-st-peter-s-202211071900,college-basketball,basketball,"['NJIT', ""St. Peter's""]",[],2022-11-07 18:32:31.628399,St. Peter's,NJIT,SPREAD,9.0,favorite,-110,,
236,njit-st-peter-s-202211071900,college-basketball,basketball,"['NJIT', ""St. Peter's""]",[],2022-11-07 18:32:31.628399,NJIT,St. Peter's,WIN,9.0,favorite,-110,,
237,njit-st-peter-s-202211071900,college-basketball,basketball,"['NJIT', ""St. Peter's""]",[],2022-11-07 18:32:31.628399,St. Peter's,NJIT,WIN,9.0,favorite,-110,,
238,niagara-maryland-202211071900,college-basketball,basketball,"['Niagara', 'Maryland']",[],2022-11-07 18:32:31.759487,Niagara,Maryland,SPREAD,17.0,favorite,-110,,
239,niagara-maryland-202211071900,college-basketball,basketball,"['Niagara', 'Maryland']",[],2022-11-07 18:32:31.759487,Maryland,Niagara,SPREAD,17.0,favorite,-110,,
240,niagara-maryland-202211071900,college-basketball,basketball,"['Niagara', 'Maryland']",[],2022-11-07 18:32:31.759487,Niagara,Maryland,WIN,,,+1000,,
241,niagara-maryland-202211071900,college-basketball,basketball,"['Niagara', 'Maryland']",[],2022-11-07 18:32:31.759487,Maryland,Niagara,WIN,,,-2200,,
242,niagara-maryland-202211071900,college-basketball,basketball,"['Niagara', 'Maryland']",[],2022-11-07 18:32:31.759487,Niagara,Maryland,TOTAL,17.0,favorite,-110,,
243,niagara-maryland-202211071900,college-basketball,basketball,"['Niagara', 'Maryland']",[],2022-11-07 18:32:31.759487,Maryland,Niagara,TOTAL,17.0,favorite,-110,,
244,northern-arizona-michigan-state-202211071900,college-basketball,basketball,"['Northern Arizona', 'Michigan State']",[],2022-11-07 18:32:31.992540,Northern Arizona,Michigan State,SPREAD,21.0,favorite,-110,,
245,northern-arizona-michigan-state-202211071900,college-basketball,basketball,"['Northern Arizona', 'Michigan State']",[],2022-11-07 18:32:31.992540,Michigan State,Northern Arizona,SPREAD,21.0,favorite,-110,,
246,northern-arizona-michigan-state-202211071900,college-basketball,basketball,"['Northern Arizona', 'Michigan State']",[],2022-11-07 18:32:31.992540,Northern Arizona,Michigan State,WIN,,,+1250,,
247,northern-arizona-michigan-state-202211071900,college-basketball,basketball,"['Northern Arizona', 'Michigan State']",[],2022-11-07 18:32:31.992540,Michigan State,Northern Arizona,WIN,,,-4500,,
248,northern-arizona-michigan-state-202211071900,college-basketball,basketball,"['Northern Arizona', 'Michigan State']",[],2022-11-07 18:32:31.992540,Northern Arizona,Michigan State,TOTAL,21.0,favorite,-110,,
249,northern-arizona-michigan-state-202211071900,college-basketball,basketball,"['Northern Arizona', 'Michigan State']",[],2022-11-07 18:32:31.992540,Michigan State,Northern Arizona,TOTAL,21.0,favorite,-110,,
250,pennsylvania-iona-202211071900,college-basketball,basketball,"['Pennsylvania', 'Iona']",[],2022-11-07 18:32:32.228463,Pennsylvania,Iona,SPREAD,6.5,favorite,-110,,
251,pennsylvania-iona-202211071900,college-basketball,basketball,"['Pennsylvania', 'Iona']",[],2022-11-07 18:32:32.228463,Iona,Pennsylvania,SPREAD,6.5,favorite,-110,,
252,pennsylvania-iona-202211071900,college-basketball,basketball,"['Pennsylvania', 'Iona']",[],2022-11-07 18:32:32.228463,Pennsylvania,Iona,WIN,,,+225,,
253,pennsylvania-iona-202211071900,college-basketball,basketball,"['Pennsylvania', 'Iona']",[],2022-11-07 18:32:32.228463,Iona,Pennsylvania,WIN,,,-275,,
254,pennsylvania-iona-202211071900,college-basketball,basketball,"['Pennsylvania', 'Iona']",[],2022-11-07 18:32:32.228463,Pennsylvania,Iona,TOTAL,6.5,favorite,-110,,
255,pennsylvania-iona-202211071900,college-basketball,basketball,"['Pennsylvania', 'Iona']",[],2022-11-07 18:32:32.228463,Iona,Pennsylvania,TOTAL,6.5,favorite,-110,,
256,quinnipiac-rhode-island-202211071900,college-basketball,basketball,"['Quinnipiac', 'Rhode Island']",[],2022-11-07 18:32:32.462145,Quinnipiac,Rhode Island,SPREAD,9.0,favorite,-110,,
257,quinnipiac-rhode-island-202211071900,college-basketball,basketball,"['Quinnipiac', 'Rhode Island']",[],2022-11-07 18:32:32.462145,Rhode Island,Quinnipiac,SPREAD,9.0,favorite,-110,,
258,quinnipiac-rhode-island-202211071900,college-basketball,basketball,"['Quinnipiac', 'Rhode Island']",[],2022-11-07 18:32:32.462145,Quinnipiac,Rhode Island,WIN,,,+335,,
259,quinnipiac-rhode-island-202211071900,college-basketball,basketball,"['Quinnipiac', 'Rhode Island']",[],2022-11-07 18:32:32.462145,Rhode Island,Quinnipiac,WIN,,,-450,,
260,quinnipiac-rhode-island-202211071900,college-basketball,basketball,"['Quinnipiac', 'Rhode Island']",[],2022-11-07 18:32:32.462145,Quinnipiac,Rhode Island,TOTAL,9.0,favorite,-110,,
261,quinnipiac-rhode-island-202211071900,college-basketball,basketball,"['Quinnipiac', 'Rhode Island']",[],2022-11-07 18:32:32.462145,Rhode Island,Quinnipiac,TOTAL,9.0,favorite,-110,,
262,robert-morris-ohio-state-202211071900,college-basketball,basketball,"['Robert Morris', 'Ohio State']",[],2022-11-07 18:32:32.692403,Robert Morris,Ohio State,SPREAD,20.0,favorite,-110,,
263,robert-morris-ohio-state-202211071900,college-basketball,basketball,"['Robert Morris', 'Ohio State']",[],2022-11-07 18:32:32.692403,Ohio State,Robert Morris,SPREAD,20.0,favorite,-110,,
264,robert-morris-ohio-state-202211071900,college-basketball,basketball,"['Robert Morris', 'Ohio State']",[],2022-11-07 18:32:32.692403,Robert Morris,Ohio State,WIN,,,+1125,,
265,robert-morris-ohio-state-202211071900,college-basketball,basketball,"['Robert Morris', 'Ohio State']",[],2022-11-07 18:32:32.692403,Ohio State,Robert Morris,WIN,,,-3500,,
266,robert-morris-ohio-state-202211071900,college-basketball,basketball,"['Robert Morris', 'Ohio State']",[],2022-11-07 18:32:32.692403,Robert Morris,Ohio State,TOTAL,20.0,favorite,-110,,
267,robert-morris-ohio-state-202211071900,college-basketball,basketball,"['Robert Morris', 'Ohio State']",[],2022-11-07 18:32:32.692403,Ohio State,Robert Morris,TOTAL,20.0,favorite,-110,,
268,siena-holy-cross-202211071900,college-basketball,basketball,"['Siena', 'Holy Cross\xa0']",[],2022-11-07 18:32:34.978964,Siena,Holy Cross ,SPREAD,1.0,underdog,-115,,
269,siena-holy-cross-202211071900,college-basketball,basketball,"['Siena', 'Holy Cross\xa0']",[],2022-11-07 18:32:34.978964,Holy Cross ,Siena,SPREAD,1.0,underdog,-105,,
270,siena-holy-cross-202211071900,college-basketball,basketball,"['Siena', 'Holy Cross\xa0']",[],2022-11-07 18:32:34.978964,Siena,Holy Cross ,WIN,1.0,underdog,-110,,
271,siena-holy-cross-202211071900,college-basketball,basketball,"['Siena', 'Holy Cross\xa0']",[],2022-11-07 18:32:34.978964,Holy Cross ,Siena,WIN,1.0,underdog,-110,,
272,south-dakota-state-akron-202211071900,college-basketball,basketball,"['South Dakota State', 'Akron']",[],2022-11-07 18:32:35.187952,South Dakota State,Akron,SPREAD,3.5,favorite,-110,,
273,south-dakota-state-akron-202211071900,college-basketball,basketball,"['South Dakota State', 'Akron']",[],2022-11-07 18:32:35.187952,Akron,South Dakota State,SPREAD,3.5,favorite,-110,,
274,south-dakota-state-akron-202211071900,college-basketball,basketball,"['South Dakota State', 'Akron']",[],2022-11-07 18:32:35.187952,South Dakota State,Akron,WIN,,,+140,,
275,south-dakota-state-akron-202211071900,college-basketball,basketball,"['South Dakota State', 'Akron']",[],2022-11-07 18:32:35.187952,Akron,South Dakota State,WIN,,,-165,,
276,south-dakota-state-akron-202211071900,college-basketball,basketball,"['South Dakota State', 'Akron']",[],2022-11-07 18:32:35.187952,South Dakota State,Akron,TOTAL,3.5,favorite,-110,,
277,south-dakota-state-akron-202211071900,college-basketball,basketball,"['South Dakota State', 'Akron']",[],2022-11-07 18:32:35.187952,Akron,South Dakota State,TOTAL,3.5,favorite,-110,,
278,st-francis-pa-st-bonaventure-202211071900,college-basketball,basketball,"['St. Francis PA', 'St. Bonaventure']",[],2022-11-07 18:32:35.424639,St. Francis PA,St. Bonaventure,SPREAD,13.0,favorite,-110,,
279,st-francis-pa-st-bonaventure-202211071900,college-basketball,basketball,"['St. Francis PA', 'St. Bonaventure']",[],2022-11-07 18:32:35.424639,St. Bonaventure,St. Francis PA,SPREAD,13.0,favorite,-110,,
280,st-francis-pa-st-bonaventure-202211071900,college-basketball,basketball,"['St. Francis PA', 'St. Bonaventure']",[],2022-11-07 18:32:35.424639,St. Francis PA,St. Bonaventure,WIN,13.0,favorite,-110,,
281,st-francis-pa-st-bonaventure-202211071900,college-basketball,basketball,"['St. Francis PA', 'St. Bonaventure']",[],2022-11-07 18:32:35.424639,St. Bonaventure,St. Francis PA,WIN,13.0,favorite,-110,,
282,stetson-florida-state-202211071900,college-basketball,basketball,"['Stetson', 'Florida State']",[],2022-11-07 18:32:35.646337,Stetson,Florida State,SPREAD,18.0,favorite,-110,,
283,stetson-florida-state-202211071900,college-basketball,basketball,"['Stetson', 'Florida State']",[],2022-11-07 18:32:35.646337,Florida State,Stetson,SPREAD,18.0,favorite,-110,,
284,stetson-florida-state-202211071900,college-basketball,basketball,"['Stetson', 'Florida State']",[],2022-11-07 18:32:35.646337,Stetson,Florida State,WIN,18.0,favorite,-110,,
285,stetson-florida-state-202211071900,college-basketball,basketball,"['Stetson', 'Florida State']",[],2022-11-07 18:32:35.646337,Florida State,Stetson,WIN,18.0,favorite,-110,,
286,tarleton-state-arizona-state-202211071900,college-basketball,basketball,"['Tarleton State', 'Arizona State']",[],2022-11-07 18:32:35.893928,Tarleton State,Arizona State,SPREAD,14.0,favorite,-110,,
287,tarleton-state-arizona-state-202211071900,college-basketball,basketball,"['Tarleton State', 'Arizona State']",[],2022-11-07 18:32:35.893928,Arizona State,Tarleton State,SPREAD,14.0,favorite,-110,,
288,tarleton-state-arizona-state-202211071900,college-basketball,basketball,"['Tarleton State', 'Arizona State']",[],2022-11-07 18:32:35.893928,Tarleton State,Arizona State,WIN,,,+800,,
289,tarleton-state-arizona-state-202211071900,college-basketball,basketball,"['Tarleton State', 'Arizona State']",[],2022-11-07 18:32:35.893928,Arizona State,Tarleton State,WIN,,,-1600,,
290,tarleton-state-arizona-state-202211071900,college-basketball,basketball,"['Tarleton State', 'Arizona State']",[],2022-11-07 18:32:35.893928,Tarleton State,Arizona State,TOTAL,14.0,favorite,-110,,
291,tarleton-state-arizona-state-202211071900,college-basketball,basketball,"['Tarleton State', 'Arizona State']",[],2022-11-07 18:32:35.893928,Arizona State,Tarleton State,TOTAL,14.0,favorite,-110,,
292,tennessee-martin-pittsburgh-202211071900,college-basketball,basketball,"['Tennessee Martin', 'Pittsburgh']",[],2022-11-07 18:32:36.123157,Tennessee Martin,Pittsburgh,SPREAD,8.5,favorite,-110,,
293,tennessee-martin-pittsburgh-202211071900,college-basketball,basketball,"['Tennessee Martin', 'Pittsburgh']",[],2022-11-07 18:32:36.123157,Pittsburgh,Tennessee Martin,SPREAD,8.5,favorite,-110,,
294,tennessee-martin-pittsburgh-202211071900,college-basketball,basketball,"['Tennessee Martin', 'Pittsburgh']",[],2022-11-07 18:32:36.123157,Tennessee Martin,Pittsburgh,WIN,,,+335,,
295,tennessee-martin-pittsburgh-202211071900,college-basketball,basketball,"['Tennessee Martin', 'Pittsburgh']",[],2022-11-07 18:32:36.123157,Pittsburgh,Tennessee Martin,WIN,,,-450,,
296,tennessee-martin-pittsburgh-202211071900,college-basketball,basketball,"['Tennessee Martin', 'Pittsburgh']",[],2022-11-07 18:32:36.123157,Tennessee Martin,Pittsburgh,TOTAL,8.5,favorite,-110,,
297,tennessee-martin-pittsburgh-202211071900,college-basketball,basketball,"['Tennessee Martin', 'Pittsburgh']",[],2022-11-07 18:32:36.123157,Pittsburgh,Tennessee Martin,TOTAL,8.5,favorite,-110,,
298,tennessee-tech-tennessee-11-202211071900,college-basketball,basketball,"['Tennessee Tech', 'Tennessee (#11)']",[],2022-11-07 18:32:36.273040,Tennessee Tech,Tennessee (#11),SPREAD,36.0,favorite,-110,,
299,tennessee-tech-tennessee-11-202211071900,college-basketball,basketball,"['Tennessee Tech', 'Tennessee (#11)']",[],2022-11-07 18:32:36.273040,Tennessee (#11),Tennessee Tech,SPREAD,36.0,favorite,-110,,
300,tennessee-tech-tennessee-11-202211071900,college-basketball,basketball,"['Tennessee Tech', 'Tennessee (#11)']",[],2022-11-07 18:32:36.273040,Tennessee Tech,Tennessee (#11),WIN,36.0,favorite,-110,,
301,tennessee-tech-tennessee-11-202211071900,college-basketball,basketball,"['Tennessee Tech', 'Tennessee (#11)']",[],2022-11-07 18:32:36.273040,Tennessee (#11),Tennessee Tech,WIN,36.0,favorite,-110,,
302,the-citadel-clemson-202211071900,college-basketball,basketball,"['The Citadel', 'Clemson']",[],2022-11-07 18:32:36.406526,The Citadel,Clemson,SPREAD,18.0,favorite,-110,,
303,the-citadel-clemson-202211071900,college-basketball,basketball,"['The Citadel', 'Clemson']",[],2022-11-07 18:32:36.406526,Clemson,The Citadel,SPREAD,18.0,favorite,-110,,
304,the-citadel-clemson-202211071900,college-basketball,basketball,"['The Citadel', 'Clemson']",[],2022-11-07 18:32:36.406526,The Citadel,Clemson,WIN,,,+1050,,
305,the-citadel-clemson-202211071900,college-basketball,basketball,"['The Citadel', 'Clemson']",[],2022-11-07 18:32:36.406526,Clemson,The Citadel,WIN,,,-2500,,
306,the-citadel-clemson-202211071900,college-basketball,basketball,"['The Citadel', 'Clemson']",[],2022-11-07 18:32:36.406526,The Citadel,Clemson,TOTAL,18.0,favorite,-115,,
307,the-citadel-clemson-202211071900,college-basketball,basketball,"['The Citadel', 'Clemson']",[],2022-11-07 18:32:36.406526,Clemson,The Citadel,TOTAL,18.0,favorite,-105,,
308,valparaiso-toledo-202211071900,college-basketball,basketball,"['Valparaiso', 'Toledo']",[],2022-11-07 18:32:36.595947,Valparaiso,Toledo,SPREAD,13.0,favorite,-115,,
309,valparaiso-toledo-202211071900,college-basketball,basketball,"['Valparaiso', 'Toledo']",[],2022-11-07 18:32:36.595947,Toledo,Valparaiso,SPREAD,13.0,favorite,-105,,
310,valparaiso-toledo-202211071900,college-basketball,basketball,"['Valparaiso', 'Toledo']",[],2022-11-07 18:32:36.595947,Valparaiso,Toledo,WIN,,,+725,,
311,valparaiso-toledo-202211071900,college-basketball,basketball,"['Valparaiso', 'Toledo']",[],2022-11-07 18:32:36.595947,Toledo,Valparaiso,WIN,,,-1300,,
312,valparaiso-toledo-202211071900,college-basketball,basketball,"['Valparaiso', 'Toledo']",[],2022-11-07 18:32:36.595947,Valparaiso,Toledo,TOTAL,13.0,favorite,-110,,
313,valparaiso-toledo-202211071900,college-basketball,basketball,"['Valparaiso', 'Toledo']",[],2022-11-07 18:32:36.595947,Toledo,Valparaiso,TOTAL,13.0,favorite,-110,,
314,vmi-richmond-202211071900,college-basketball,basketball,"['VMI', 'Richmond']",[],2022-11-07 18:32:36.846910,VMI,Richmond,SPREAD,22.5,favorite,-110,,
315,vmi-richmond-202211071900,college-basketball,basketball,"['VMI', 'Richmond']",[],2022-11-07 18:32:36.846910,Richmond,VMI,SPREAD,22.5,favorite,-110,,
316,vmi-richmond-202211071900,college-basketball,basketball,"['VMI', 'Richmond']",[],2022-11-07 18:32:36.846910,VMI,Richmond,WIN,22.5,favorite,-110,,
317,vmi-richmond-202211071900,college-basketball,basketball,"['VMI', 'Richmond']",[],2022-11-07 18:32:36.846910,Richmond,VMI,WIN,22.5,favorite,-110,,
